"Date","Price","Open","High","Low","Vol.","Change %"
"Feb 05, 2021","63.77","54.20","93.52","51.15","81.35M","19.20%"
"Feb 04, 2021","53.50","90.81","90.81","53.40","62.43M","-42.11%"
"Feb 03, 2021","92.41","111.90","112.93","85.50","42.70M","2.68%"
"Feb 02, 2021","90.00","140.76","158.00","74.22","76.75M","-60.00%"
"Feb 01, 2021","225.00","315.00","320.00","213.07","37.38M","-30.77%"
"Jan 29, 2021","325.00","379.71","413.98","250.00","50.57M","67.87%"
"Jan 28, 2021","193.60","275.01","481.99","119.99","58.82M","-44.29%"
"Jan 27, 2021","347.51","351.94","379.80","249.72","93.40M","134.84%"
"Jan 26, 2021","147.98","88.60","149.97","80.31","178.59M","92.71%"
"Jan 25, 2021","76.79","96.00","158.97","61.13","177.87M","18.12%"
"Jan 22, 2021","65.01","42.59","76.76","42.32","197.16M","51.08%"
"Jan 21, 2021","43.03","39.23","44.75","37.00","57.08M","9.99%"
"Jan 20, 2021","39.12","37.37","41.19","36.06","33.47M","-0.61%"
"Jan 19, 2021","39.36","41.66","45.46","36.67","74.72M","10.87%"
"Jan 15, 2021","35.50","38.49","40.75","34.01","46.87M","-11.05%"
"Jan 14, 2021","39.91","38.50","42.95","33.07","93.72M","27.10%"
"Jan 13, 2021","31.40","20.15","38.50","20.05","144.50M","57.39%"
"Jan 12, 2021","19.95","19.70","20.38","19.32","7.06M","0.05%"
"Jan 11, 2021","19.94","19.35","20.64","19.02","14.93M","12.72%"
"Jan 08, 2021","17.69","18.18","18.30","17.08","6.48M","-2.16%"
"Jan 07, 2021","18.08","18.78","19.43","18.03","6.13M","-1.53%"
"Jan 06, 2021","18.36","17.46","18.98","17.45","6.06M","5.70%"
"Jan 05, 2021","17.37","17.31","18.06","17.23","4.96M","0.70%"
"Jan 04, 2021","17.25","19.06","19.08","17.17","10.02M","-8.44%"
"Dec 31, 2020","18.84","19.25","19.80","18.80","6.92M","-2.18%"
"Dec 30, 2020","19.26","19.38","20.00","18.85","5.93M","-0.62%"
"Dec 29, 2020","19.38","20.80","21.06","18.57","9.24M","-7.67%"
"Dec 28, 2020","20.99","21.26","21.95","20.40","8.97M","4.17%"
"Dec 24, 2020","20.15","21.01","21.48","19.95","6.26M","-2.04%"
"Dec 23, 2020","20.57","20.17","22.35","19.13","25.70M","5.70%"
"Dec 22, 2020","19.46","16.22","20.04","16.15","30.57M","25.31%"
"Dec 21, 2020","15.53","15.76","16.28","15.29","9.88M","-0.64%"
"Dec 18, 2020","15.63","15.78","16.30","15.18","16.62M","5.39%"
"Dec 17, 2020","14.83","13.86","14.98","13.59","8.19M","7.08%"
"Dec 16, 2020","13.85","13.90","14.30","13.58","5.87M","0.00%"
"Dec 15, 2020","13.85","12.86","14.02","12.50","8.19M","8.88%"
"Dec 14, 2020","12.72","13.38","13.38","12.16","10.01M","-4.43%"
"Dec 11, 2020","13.31","13.91","14.00","13.02","7.50M","-5.74%"
"Dec 10, 2020","14.12","13.12","14.41","13.05","7.38M","3.37%"
"Dec 09, 2020","13.66","13.92","14.73","13.23","23.88M","-19.36%"
"Dec 08, 2020","16.94","16.35","17.20","15.97","16.12M","3.61%"
"Dec 07, 2020","16.35","17.05","17.48","16.22","7.39M","-3.25%"
"Dec 04, 2020","16.90","16.30","17.29","16.26","8.97M","4.84%"
"Dec 03, 2020","16.12","16.51","16.61","15.88","6.29M","-2.77%"
"Dec 02, 2020","16.58","15.63","16.66","15.41","7.88M","4.94%"
"Dec 01, 2020","15.80","17.11","17.40","15.76","12.27M","-4.59%"
"Nov 30, 2020","16.56","18.17","19.42","16.56","31.31M","2.99%"
"Nov 27, 2020","16.08","15.29","16.74","14.88","12.50M","9.02%"
"Nov 25, 2020","14.75","13.60","15.25","13.42","8.86M","7.90%"
"Nov 24, 2020","13.67","14.23","14.26","13.30","7.13M","-1.65%"
"Nov 23, 2020","13.90","12.90","14.12","12.67","9.45M","9.36%"
"Nov 20, 2020","12.71","12.55","13.46","12.54","8.40M","2.01%"
"Nov 19, 2020","12.46","11.64","12.78","11.48","11.79M","7.69%"
"Nov 18, 2020","11.57","11.79","12.02","11.57","3.17M","-0.52%"
"Nov 17, 2020","11.63","11.64","11.91","11.23","6.68M","-3.57%"
"Nov 16, 2020","12.06","11.06","12.66","10.74","9.77M","9.54%"
"Nov 13, 2020","11.01","11.36","11.55","11.00","3.55M","-1.08%"
"Nov 12, 2020","11.13","11.74","11.87","10.97","4.29M","-5.28%"
"Nov 11, 2020","11.75","11.50","11.95","11.21","4.84M","5.86%"
"Nov 10, 2020","11.10","11.50","11.65","10.83","3.83M","-3.39%"
"Nov 09, 2020","11.49","12.76","12.93","11.25","6.23M","-3.12%"
"Nov 06, 2020","11.86","11.52","12.17","11.32","5.52M","3.58%"
"Nov 05, 2020","11.45","11.28","11.81","11.06","4.71M","4.95%"
"Nov 04, 2020","10.91","11.73","11.74","10.62","5.81M","-5.70%"
"Nov 03, 2020","11.57","10.79","11.86","10.63","7.45M","7.63%"
"Nov 02, 2020","10.75","10.82","11.09","10.50","5.21M","2.67%"
"Oct 30, 2020","10.47","11.64","11.64","10.36","11.56M","-10.74%"
"Oct 29, 2020","11.73","11.88","12.25","11.68","4.17M","-0.76%"
"Oct 28, 2020","11.82","12.26","13.04","11.80","6.39M","-6.86%"
"Oct 27, 2020","12.69","13.71","13.71","12.36","7.15M","-5.65%"
"Oct 26, 2020","13.45","14.90","15.42","13.27","13.38M","-10.33%"
"Oct 23, 2020","15.00","15.05","15.38","14.55","6.51M","0.60%"
"Oct 22, 2020","14.91","14.20","15.87","14.19","15.78M","5.74%"
"Oct 21, 2020","14.10","13.90","14.42","13.80","5.31M","1.73%"
"Oct 20, 2020","13.86","14.01","14.14","13.67","6.60M","-0.36%"
"Oct 19, 2020","13.91","13.50","14.48","13.38","13.17M","4.51%"
"Oct 16, 2020","13.31","13.77","13.90","13.08","11.65M","-3.76%"
"Oct 15, 2020","13.83","11.99","15.10","11.99","39.63M","12.90%"
"Oct 14, 2020","12.25","12.64","12.67","12.09","10.78M","3.11%"
"Oct 13, 2020","11.88","11.73","12.42","11.65","8.70M","0.68%"
"Oct 12, 2020","11.80","11.66","12.77","11.40","22.99M","-1.83%"
"Oct 09, 2020","12.02","12.83","14.80","11.90","77.15M","-10.90%"
"Oct 08, 2020","13.49","9.54","13.64","9.20","76.45M","44.12%"
"Oct 07, 2020","9.36","9.23","9.56","9.17","3.22M","2.52%"
"Oct 06, 2020","9.13","9.56","9.83","9.11","4.54M","-3.49%"
"Oct 05, 2020","9.46","9.44","9.59","9.25","2.80M","0.75%"
"Oct 02, 2020","9.39","9.38","9.78","9.30","4.34M","-3.89%"
"Oct 01, 2020","9.77","10.15","10.25","9.70","4.55M","-4.22%"
"Sep 30, 2020","10.20","10.27","10.75","10.09","6.08M","-1.45%"
"Sep 29, 2020","10.35","10.00","10.64","9.95","5.24M","2.58%"
"Sep 28, 2020","10.09","10.16","10.26","9.55","6.73M","0.70%"
"Sep 25, 2020","10.02","9.19","10.18","9.10","7.52M","9.63%"
"Sep 24, 2020","9.14","9.64","9.80","9.02","7.94M","-8.96%"
"Sep 23, 2020","10.04","10.61","10.84","9.92","10.65M","-4.92%"
"Sep 22, 2020","10.56","10.43","11.12","9.90","34.75M","20.69%"
"Sep 21, 2020","8.75","9.35","9.60","8.38","7.40M","-7.60%"
"Sep 18, 2020","9.47","9.20","9.77","8.91","17.41M","2.93%"
"Sep 17, 2020","9.20","8.57","9.77","8.41","16.84M","5.99%"
"Sep 16, 2020","8.68","7.03","9.03","7.03","19.35M","22.43%"
"Sep 15, 2020","7.09","6.86","7.26","6.68","5.67M","2.60%"
"Sep 14, 2020","6.91","6.99","7.00","6.45","10.12M","13.46%"
"Sep 11, 2020","6.09","6.26","6.33","5.87","6.06M","-2.25%"
"Sep 10, 2020","6.23","6.64","6.90","6.19","15.56M","-15.24%"
"Sep 09, 2020","7.35","7.96","7.99","7.31","7.74M","-4.55%"
"Sep 08, 2020","7.70","7.51","8.27","7.51","9.82M","0.65%"
"Sep 04, 2020","7.65","7.78","7.92","7.17","7.66M","-2.17%"
"Sep 03, 2020","7.82","7.90","8.44","7.24","14.34M","1.43%"
"Sep 02, 2020","7.71","7.85","8.03","7.11","13.01M","0.78%"
"Sep 01, 2020","7.65","7.30","7.82","6.77","23.02M","14.52%"
"Aug 31, 2020","6.68","5.75","7.13","5.70","37.98M","23.93%"
"Aug 28, 2020","5.39","5.30","5.57","5.22","4.24M","2.67%"
"Aug 27, 2020","5.25","5.11","5.38","5.02","3.30M","2.74%"
"Aug 26, 2020","5.11","4.98","5.22","4.93","2.78M","2.61%"
"Aug 25, 2020","4.98","4.90","5.25","4.90","3.00M","2.26%"
"Aug 24, 2020","4.87","5.12","5.13","4.57","4.59M","-3.18%"
"Aug 21, 2020","5.03","4.60","5.60","4.59","10.64M","9.11%"
"Aug 20, 2020","4.61","4.62","4.68","4.51","2.44M","-2.33%"
"Aug 19, 2020","4.72","4.82","4.83","4.65","2.61M","-1.87%"
"Aug 18, 2020","4.81","4.61","4.86","4.45","3.83M","3.89%"
"Aug 17, 2020","4.63","4.77","4.77","4.56","2.37M","-2.53%"
"Aug 14, 2020","4.75","4.60","4.83","4.55","3.47M","2.37%"
"Aug 13, 2020","4.64","4.52","4.71","4.50","2.07M","2.65%"
"Aug 12, 2020","4.52","4.40","4.62","4.37","3.06M","3.91%"
"Aug 11, 2020","4.35","4.43","4.57","4.34","3.13M","0.46%"
"Aug 10, 2020","4.33","4.20","4.57","4.18","4.38M","4.09%"
"Aug 07, 2020","4.16","4.39","4.40","4.06","3.34M","-6.09%"
"Aug 06, 2020","4.43","4.60","4.66","4.38","1.89M","-4.32%"
"Aug 05, 2020","4.63","4.50","4.76","4.24","4.92M","4.51%"
"Aug 04, 2020","4.43","4.13","4.74","4.13","10.34M","6.75%"
"Aug 03, 2020","4.15","4.03","4.25","3.99","2.48M","3.49%"
"Jul 31, 2020","4.01","4.06","4.16","3.99","1.88M","-2.20%"
"Jul 30, 2020","4.10","4.00","4.22","3.97","2.40M","0.99%"
"Jul 29, 2020","4.06","3.94","4.18","3.92","2.88M","3.05%"
"Jul 28, 2020","3.94","4.01","4.04","3.92","4.56M","-1.75%"
"Jul 27, 2020","4.01","4.03","4.12","3.95","2.47M","-0.50%"
"Jul 24, 2020","4.03","4.06","4.23","4.01","2.22M","-1.95%"
"Jul 23, 2020","4.11","4.08","4.30","4.07","3.24M","0.00%"
"Jul 22, 2020","4.11","4.02","4.12","3.92","2.52M","2.49%"
"Jul 21, 2020","4.01","3.90","4.09","3.88","3.34M","4.16%"
"Jul 20, 2020","3.85","3.95","4.06","3.77","3.40M","-2.78%"
"Jul 17, 2020","3.96","4.16","4.23","3.94","3.07M","-5.04%"
"Jul 16, 2020","4.17","4.19","4.20","4.09","1.32M","-0.48%"
"Jul 15, 2020","4.19","4.13","4.29","4.13","1.42M","2.70%"
"Jul 14, 2020","4.08","4.21","4.31","4.08","2.26M","-4.23%"
"Jul 13, 2020","4.26","4.35","4.55","4.26","4.21M","-1.84%"
"Jul 10, 2020","4.34","4.20","4.38","4.18","1.41M","3.09%"
"Jul 09, 2020","4.21","4.29","4.29","4.13","1.99M","-1.17%"
"Jul 08, 2020","4.26","4.10","4.29","4.03","2.01M","4.16%"
"Jul 07, 2020","4.09","4.20","4.25","4.06","2.46M","-3.54%"
"Jul 06, 2020","4.24","4.31","4.34","4.19","2.13M","-1.17%"
"Jul 02, 2020","4.29","4.49","4.51","4.29","1.89M","-3.38%"
"Jul 01, 2020","4.44","4.31","4.50","4.31","2.30M","2.30%"
"Jun 30, 2020","4.34","4.33","4.51","4.20","3.80M","-0.91%"
"Jun 29, 2020","4.38","4.35","4.52","4.30","2.12M","0.69%"
"Jun 26, 2020","4.35","4.48","4.50","4.27","3.80M","-2.47%"
"Jun 25, 2020","4.46","4.31","4.54","4.30","2.45M","1.13%"
"Jun 24, 2020","4.41","4.83","4.84","4.38","2.95M","-8.70%"
"Jun 23, 2020","4.83","4.91","4.98","4.80","3.21M","-0.82%"
"Jun 22, 2020","4.87","4.79","4.95","4.72","3.17M","-0.20%"
"Jun 19, 2020","4.88","4.95","5.08","4.69","7.37M","-1.41%"
"Jun 18, 2020","4.95","4.66","4.95","4.66","3.42M","3.99%"
"Jun 17, 2020","4.76","4.64","4.83","4.54","3.59M","2.59%"
"Jun 16, 2020","4.64","4.91","4.91","4.52","3.12M","-1.07%"
"Jun 15, 2020","4.69","4.53","4.77","4.42","3.91M","-0.64%"
"Jun 12, 2020","4.72","4.60","4.78","4.39","4.38M","8.01%"
"Jun 11, 2020","4.37","4.64","4.87","4.18","6.24M","-13.81%"
"Jun 10, 2020","5.07","4.78","5.53","4.68","10.61M","2.22%"
"Jun 09, 2020","4.96","4.90","5.00","4.56","8.07M","-1.00%"
"Jun 08, 2020","5.01","4.31","5.11","4.29","10.13M","21.01%"
"Jun 05, 2020","4.14","4.29","4.41","4.09","6.27M","-7.38%"
"Jun 04, 2020","4.47","4.44","4.72","4.38","3.51M","0.68%"
"Jun 03, 2020","4.44","4.24","4.52","4.20","3.01M","6.22%"
"Jun 02, 2020","4.18","4.27","4.31","4.06","2.35M","1.21%"
"Jun 01, 2020","4.13","4.12","4.36","4.02","2.57M","1.72%"
"May 29, 2020","4.06","4.33","4.42","4.05","3.97M","-6.24%"
"May 28, 2020","4.33","4.74","4.74","4.31","2.18M","-7.68%"
"May 27, 2020","4.69","4.58","4.71","4.36","3.15M","6.11%"
"May 26, 2020","4.42","4.37","4.61","4.34","3.55M","5.74%"
"May 22, 2020","4.18","4.46","4.49","4.13","2.38M","-5.86%"
"May 21, 2020","4.44","4.45","4.65","4.40","1.96M","0.23%"
"May 20, 2020","4.43","4.48","4.69","4.34","2.54M","-0.23%"
"May 19, 2020","4.44","4.57","4.75","4.37","1.84M","-3.06%"
"May 18, 2020","4.58","4.40","4.63","4.36","2.32M","8.53%"
"May 15, 2020","4.22","4.05","4.45","4.04","1.94M","2.18%"
"May 14, 2020","4.13","4.15","4.19","3.96","2.00M","-1.90%"
"May 13, 2020","4.21","4.54","4.54","4.07","2.87M","-7.27%"
"May 12, 2020","4.54","4.78","4.92","4.46","2.64M","-4.62%"
"May 11, 2020","4.76","4.92","4.96","4.75","1.70M","-4.42%"
"May 08, 2020","4.98","4.88","5.19","4.82","2.35M","2.26%"
"May 07, 2020","4.87","4.83","4.93","4.65","2.50M","-1.22%"
"May 06, 2020","4.93","5.40","5.40","4.90","3.37M","-8.53%"
"May 05, 2020","5.39","5.55","5.63","5.35","2.11M","-1.64%"
"May 04, 2020","5.48","5.84","5.93","5.40","4.07M","-9.42%"
"May 01, 2020","6.05","5.65","6.18","5.45","4.01M","5.58%"
"Apr 30, 2020","5.73","5.87","5.97","5.64","2.17M","-5.13%"
"Apr 29, 2020","6.04","5.83","6.09","5.45","3.37M","7.09%"
"Apr 28, 2020","5.64","5.92","6.04","5.06","5.20M","-3.09%"
"Apr 27, 2020","5.82","4.85","5.99","4.81","7.28M","22.01%"
"Apr 24, 2020","4.77","4.78","4.85","4.66","2.24M","1.49%"
"Apr 23, 2020","4.70","4.75","4.89","4.58","2.27M","-3.89%"
"Apr 22, 2020","4.89","5.14","5.17","4.83","2.68M","2.30%"
"Apr 21, 2020","4.78","5.23","5.30","4.76","4.14M","-14.80%"
"Apr 20, 2020","5.61","4.85","5.90","4.78","6.09M","14.96%"
"Apr 17, 2020","4.88","5.22","5.28","4.43","5.65M","-2.98%"
"Apr 16, 2020","5.03","5.12","5.44","4.88","3.37M","-4.55%"
"Apr 15, 2020","5.27","5.66","5.67","4.90","7.50M","-11.43%"
"Apr 14, 2020","5.95","5.21","6.47","5.14","13.51M","25.53%"
"Apr 13, 2020","4.74","4.25","4.76","4.16","6.84M","21.85%"
"Apr 09, 2020","3.89","3.60","4.25","3.49","5.91M","14.08%"
"Apr 08, 2020","3.41","3.23","3.67","3.20","2.88M","4.28%"
"Apr 07, 2020","3.27","3.39","3.44","3.10","2.84M","5.83%"
"Apr 06, 2020","3.09","2.86","3.20","2.83","3.34M","10.36%"
"Apr 03, 2020","2.80","2.85","2.94","2.57","3.83M","-1.75%"
"Apr 02, 2020","2.85","3.26","3.35","2.85","4.06M","-12.31%"
"Apr 01, 2020","3.25","3.45","3.49","3.12","4.57M","-7.14%"
"Mar 31, 2020","3.50","3.63","3.80","3.50","2.30M","-4.11%"
"Mar 30, 2020","3.65","4.22","4.27","3.65","3.35M","-13.51%"
"Mar 27, 2020","4.22","4.97","5.08","4.17","7.02M","-4.31%"
"Mar 26, 2020","4.41","4.35","4.71","4.30","6.21M","5.76%"
"Mar 25, 2020","4.17","4.18","4.49","4.07","3.59M","0.24%"
"Mar 24, 2020","4.16","3.95","4.21","3.93","6.81M","9.19%"
"Mar 23, 2020","3.81","3.58","3.86","3.50","6.01M","1.33%"
"Mar 20, 2020","3.76","4.08","4.08","3.65","7.72M","-10.26%"
"Mar 19, 2020","4.19","3.71","4.20","3.55","5.02M","11.14%"
"Mar 18, 2020","3.77","4.08","4.25","3.50","3.65M","-10.87%"
"Mar 17, 2020","4.23","4.40","4.65","4.11","3.56M","-3.20%"
"Mar 16, 2020","4.37","3.93","4.57","3.90","4.87M","-4.79%"
"Mar 13, 2020","4.59","4.13","4.65","3.85","5.79M","15.33%"
"Mar 12, 2020","3.98","3.70","4.04","3.48","5.12M","-3.86%"
"Mar 11, 2020","4.14","4.14","4.25","4.00","4.41M","-2.13%"
"Mar 10, 2020","4.23","3.94","4.26","3.80","4.86M","14.32%"
"Mar 09, 2020","3.70","3.59","3.97","3.50","2.73M","-5.61%"
"Mar 06, 2020","3.92","3.84","4.07","3.76","2.10M","-1.01%"
"Mar 05, 2020","3.96","3.70","3.99","3.59","3.60M","5.04%"
"Mar 04, 2020","3.77","3.71","3.83","3.46","4.26M","3.86%"
"Mar 03, 2020","3.63","3.88","3.89","3.50","4.28M","-5.22%"
"Mar 02, 2020","3.83","3.60","3.85","3.39","3.21M","6.39%"
"Feb 28, 2020","3.60","3.34","3.72","3.34","4.69M","3.75%"
"Feb 27, 2020","3.47","3.23","3.62","3.18","3.88M","2.36%"
"Feb 26, 2020","3.39","3.58","3.62","3.36","4.73M","-4.78%"
"Feb 25, 2020","3.56","3.77","3.79","3.55","4.45M","-3.78%"
"Feb 24, 2020","3.70","3.90","3.93","3.70","3.57M","-8.42%"
"Feb 21, 2020","4.04","4.12","4.18","3.99","1.70M","-2.42%"
"Feb 20, 2020","4.14","4.16","4.29","4.11","1.56M","-0.24%"
"Feb 19, 2020","4.15","4.06","4.27","3.92","2.59M","2.22%"
"Feb 18, 2020","4.06","4.01","4.08","3.96","1.47M","1.00%"
"Feb 14, 2020","4.02","4.11","4.19","4.02","1.58M","-2.19%"
"Feb 13, 2020","4.11","4.12","4.26","4.07","2.08M","-1.91%"
"Feb 12, 2020","4.19","4.13","4.51","4.07","4.82M","4.23%"
"Feb 11, 2020","4.02","3.98","4.24","3.95","3.42M","2.03%"
"Feb 10, 2020","3.94","3.85","4.10","3.74","2.78M","3.41%"
"Feb 07, 2020","3.81","4.11","4.13","3.77","2.74M","-7.97%"
"Feb 06, 2020","4.14","4.20","4.30","4.13","1.51M","-0.96%"
"Feb 05, 2020","4.18","4.15","4.41","4.14","2.64M","2.70%"
"Feb 04, 2020","4.07","4.03","4.25","3.97","3.56M","3.04%"
"Feb 03, 2020","3.95","3.88","3.98","3.85","2.03M","2.86%"
"Jan 31, 2020","3.84","3.91","3.94","3.83","2.89M","-2.29%"
"Jan 30, 2020","3.93","4.10","4.12","3.88","3.01M","-4.84%"
"Jan 29, 2020","4.13","4.22","4.32","4.13","1.55M","-1.90%"
"Jan 28, 2020","4.21","4.30","4.30","4.18","2.14M","-1.64%"
"Jan 27, 2020","4.28","4.20","4.35","4.16","2.12M","-0.93%"
"Jan 24, 2020","4.32","4.64","4.64","4.25","4.16M","-6.49%"
"Jan 23, 2020","4.62","4.55","4.64","4.46","1.88M","1.32%"
"Jan 22, 2020","4.56","4.55","4.64","4.46","2.63M","-0.65%"
"Jan 21, 2020","4.59","4.75","4.75","4.55","3.53M","-3.37%"
"Jan 17, 2020","4.75","4.58","4.75","4.51","4.02M","2.81%"
"Jan 16, 2020","4.62","4.61","4.71","4.52","4.29M","0.22%"
"Jan 15, 2020","4.61","4.66","4.73","4.55","4.98M","-2.12%"
"Jan 14, 2020","4.71","4.78","5.00","4.53","12.56M","-13.26%"
"Jan 13, 2020","5.43","5.43","5.61","5.33","3.63M","0.00%"
"Jan 10, 2020","5.43","5.56","5.60","5.38","2.78M","-2.16%"
"Jan 09, 2020","5.55","5.82","5.82","5.48","2.64M","-2.97%"
"Jan 08, 2020","5.72","5.49","5.85","5.41","5.63M","3.62%"
"Jan 07, 2020","5.52","5.77","5.83","5.44","5.24M","-5.64%"
"Jan 06, 2020","5.85","5.80","5.91","5.60","3.39M","-0.51%"
"Jan 03, 2020","5.88","6.21","6.25","5.83","3.55M","-6.81%"
"Jan 02, 2020","6.31","6.14","6.47","6.07","4.43M","3.78%"
"Dec 31, 2019","6.08","6.08","6.39","5.99","4.32M","-0.82%"
"Dec 30, 2019","6.13","5.88","6.25","5.76","4.48M","3.90%"
"Dec 27, 2019","5.90","5.42","5.98","5.39","11.04M","9.26%"
"Dec 26, 2019","5.40","5.47","5.51","5.25","4.27M","-0.74%"
"Dec 24, 2019","5.44","5.65","5.67","5.44","3.40M","-3.03%"
"Dec 23, 2019","5.61","6.05","6.07","5.54","6.28M","-6.34%"
"Dec 20, 2019","5.99","6.06","6.22","5.96","5.48M","-1.16%"
"Dec 19, 2019","6.06","6.21","6.24","6.03","4.45M","-1.62%"
"Dec 18, 2019","6.16","6.06","6.27","5.93","5.27M","1.65%"
"Dec 17, 2019","6.06","5.50","6.08","5.49","4.14M","10.18%"
"Dec 16, 2019","5.50","5.39","5.59","5.39","4.41M","0.92%"
"Dec 13, 2019","5.45","5.47","5.62","5.24","5.44M","-2.33%"
"Dec 12, 2019","5.58","5.46","5.71","5.41","6.39M","0.90%"
"Dec 11, 2019","5.53","5.25","5.81","5.18","19.54M","-15.05%"
"Dec 10, 2019","6.51","6.29","6.54","6.12","9.72M","2.84%"
"Dec 09, 2019","6.33","6.65","6.92","6.19","6.35M","-5.24%"
"Dec 06, 2019","6.68","6.39","6.68","6.39","4.76M","4.37%"
"Dec 05, 2019","6.40","6.32","6.52","6.24","4.38M","-0.47%"
"Dec 04, 2019","6.43","6.17","6.49","6.12","2.87M","5.07%"
"Dec 03, 2019","6.12","6.04","6.18","5.93","2.22M","-0.81%"
"Dec 02, 2019","6.17","6.35","6.46","6.09","2.06M","-2.68%"
"Nov 29, 2019","6.34","6.33","6.39","6.24","1.37M","-0.16%"
"Nov 27, 2019","6.35","6.10","6.39","6.02","3.03M","4.10%"
"Nov 26, 2019","6.10","6.03","6.26","6.01","2.65M","1.16%"
"Nov 25, 2019","6.03","5.67","6.06","5.63","2.74M","6.54%"
"Nov 22, 2019","5.66","5.59","5.85","5.50","3.49M","2.91%"
"Nov 21, 2019","5.50","5.46","5.58","5.35","2.78M","0.73%"
"Nov 20, 2019","5.46","5.54","5.54","5.36","2.67M","-0.73%"
"Nov 19, 2019","5.50","5.57","5.66","5.45","3.36M","-2.14%"
"Nov 18, 2019","5.62","5.85","5.85","5.61","3.00M","-4.42%"
"Nov 15, 2019","5.88","6.00","6.01","5.85","2.17M","-1.67%"
"Nov 14, 2019","5.98","5.95","6.11","5.90","1.71M","0.67%"
"Nov 13, 2019","5.94","5.91","5.97","5.81","1.53M","0.34%"
"Nov 12, 2019","5.92","6.03","6.07","5.87","1.83M","-1.66%"
"Nov 11, 2019","6.02","6.05","6.09","5.77","3.11M","-1.15%"
"Nov 08, 2019","6.09","6.17","6.28","6.05","1.97M","-2.09%"
"Nov 07, 2019","6.22","6.18","6.32","6.04","3.13M","2.13%"
"Nov 06, 2019","6.09","5.90","6.19","5.82","4.13M","3.05%"
"Nov 05, 2019","5.91","5.88","6.20","5.86","3.37M","1.03%"
"Nov 04, 2019","5.85","5.90","6.02","5.77","3.67M","0.17%"
"Nov 01, 2019","5.84","5.45","6.00","5.43","5.21M","7.35%"
"Oct 31, 2019","5.44","5.63","5.68","5.31","4.36M","-5.06%"
"Oct 30, 2019","5.73","5.76","5.83","5.52","3.74M","-1.38%"
"Oct 29, 2019","5.81","6.21","6.25","5.79","3.92M","-6.14%"
"Oct 28, 2019","6.19","6.38","6.49","6.17","2.85M","-2.52%"
"Oct 25, 2019","6.35","6.32","6.43","6.25","2.65M","-1.09%"
"Oct 24, 2019","6.42","6.50","6.55","6.03","4.28M","-0.16%"
"Oct 23, 2019","6.43","6.33","6.62","6.23","4.07M","0.63%"
"Oct 22, 2019","6.39","5.93","6.44","5.93","4.18M","7.76%"
"Oct 21, 2019","5.93","5.98","6.16","5.82","3.61M","-0.17%"
"Oct 18, 2019","5.94","6.03","6.05","5.77","3.20M","-1.49%"
"Oct 17, 2019","6.03","5.89","6.05","5.80","3.64M","2.55%"
"Oct 16, 2019","5.88","5.58","5.91","5.58","3.88M","4.81%"
"Oct 15, 2019","5.61","5.60","5.91","5.59","6.35M","0.54%"
"Oct 14, 2019","5.58","5.32","5.59","5.22","5.41M","3.91%"
"Oct 11, 2019","5.37","5.14","5.49","5.14","5.91M","6.34%"
"Oct 10, 2019","5.05","5.02","5.15","4.96","5.26M","1.20%"
"Oct 09, 2019","4.99","5.25","5.30","4.96","5.87M","-4.59%"
"Oct 08, 2019","5.23","5.43","5.44","5.16","4.82M","-4.74%"
"Oct 07, 2019","5.49","5.48","5.58","5.41","4.44M","-1.08%"
"Oct 04, 2019","5.55","5.43","5.56","5.37","4.23M","2.40%"
"Oct 03, 2019","5.42","5.30","5.48","5.23","4.44M","1.88%"
"Oct 02, 2019","5.32","5.55","5.55","5.24","8.46M","-4.66%"
"Oct 01, 2019","5.58","5.64","5.82","5.49","6.59M","1.09%"
"Sep 30, 2019","5.52","5.43","5.64","5.40","9.36M","3.37%"
"Sep 27, 2019","5.34","5.25","5.45","5.22","5.55M","1.14%"
"Sep 26, 2019","5.28","5.19","5.34","5.08","6.11M","1.54%"
"Sep 25, 2019","5.20","5.09","5.55","5.08","12.17M","3.79%"
"Sep 24, 2019","5.01","5.14","5.50","4.98","13.15M","-0.20%"
"Sep 23, 2019","5.02","4.68","5.20","4.61","12.50M","6.81%"
"Sep 20, 2019","4.70","4.59","4.80","4.50","11.63M","5.86%"
"Sep 19, 2019","4.44","4.64","4.67","4.42","7.87M","-3.48%"
"Sep 18, 2019","4.60","4.33","4.69","4.33","9.81M","6.24%"
"Sep 17, 2019","4.33","4.30","4.34","4.13","6.42M","-0.46%"
"Sep 16, 2019","4.35","4.30","4.47","4.27","6.76M","-1.36%"
"Sep 13, 2019","4.41","4.62","4.77","4.37","7.66M","-3.71%"
"Sep 12, 2019","4.58","4.60","4.81","4.43","8.91M","-0.22%"
"Sep 11, 2019","4.59","4.19","4.95","3.97","34.01M","-9.82%"
"Sep 10, 2019","5.09","4.87","5.10","4.51","16.66M","6.93%"
"Sep 09, 2019","4.76","4.35","4.92","4.35","14.58M","10.44%"
"Sep 06, 2019","4.31","4.24","4.36","4.14","6.70M","1.89%"
"Sep 05, 2019","4.23","4.08","4.24","4.07","6.89M","6.28%"
"Sep 04, 2019","3.98","3.88","4.00","3.85","4.23M","4.46%"
"Sep 03, 2019","3.81","3.97","4.07","3.66","9.04M","-4.03%"
"Aug 30, 2019","3.97","4.26","4.36","3.92","10.64M","-6.15%"
"Aug 29, 2019","4.23","3.93","4.29","3.75","13.36M","9.02%"
"Aug 28, 2019","3.88","3.70","3.97","3.67","6.45M","4.86%"
"Aug 27, 2019","3.70","3.87","3.93","3.68","5.70M","-3.14%"
"Aug 26, 2019","3.82","3.72","4.04","3.65","10.33M","4.66%"
"Aug 23, 2019","3.65","3.84","3.90","3.56","8.68M","-5.68%"
"Aug 22, 2019","3.87","3.97","4.25","3.72","29.19M","9.32%"
"Aug 21, 2019","3.54","3.50","3.62","3.44","6.01M","3.51%"
"Aug 20, 2019","3.42","3.35","3.46","3.28","4.26M","1.18%"
"Aug 19, 2019","3.38","3.37","3.47","3.34","2.89M","1.81%"
"Aug 16, 2019","3.32","3.25","3.36","3.21","3.13M","3.43%"
"Aug 15, 2019","3.21","3.32","3.41","3.15","5.89M","-3.31%"
"Aug 14, 2019","3.32","3.39","3.42","3.19","6.08M","-4.32%"
"Aug 13, 2019","3.47","3.48","3.76","3.47","4.51M","-1.14%"
"Aug 12, 2019","3.51","3.58","3.62","3.44","2.68M","-2.23%"
"Aug 09, 2019","3.59","3.83","3.86","3.59","3.08M","-7.71%"
"Aug 08, 2019","3.89","3.84","3.91","3.77","2.31M","2.10%"
"Aug 07, 2019","3.81","3.74","3.85","3.66","5.86M","0.00%"
"Aug 06, 2019","3.81","3.73","3.82","3.63","5.16M","2.70%"
"Aug 05, 2019","3.71","3.72","3.75","3.58","5.68M","-1.85%"
"Aug 02, 2019","3.78","3.83","3.89","3.75","3.59M","-1.56%"
"Aug 01, 2019","3.84","4.02","4.06","3.78","5.60M","-4.48%"
"Jul 31, 2019","4.02","4.03","4.18","4.00","5.21M","-0.25%"
"Jul 30, 2019","4.03","4.10","4.13","3.90","5.27M","-2.18%"
"Jul 29, 2019","4.12","4.02","4.16","4.02","4.33M","2.74%"
"Jul 26, 2019","4.01","4.00","4.08","3.96","3.21M","0.75%"
"Jul 25, 2019","3.98","4.10","4.32","3.97","5.79M","-2.45%"
"Jul 24, 2019","4.08","4.08","4.20","4.05","6.02M","-0.24%"
"Jul 23, 2019","4.09","4.15","4.20","3.98","7.70M","-1.21%"
"Jul 22, 2019","4.14","4.33","4.40","4.12","5.49M","-4.17%"
"Jul 19, 2019","4.32","4.22","4.42","4.22","10.95M","2.86%"
"Jul 18, 2019","4.20","4.39","4.42","4.12","8.60M","-4.11%"
"Jul 17, 2019","4.38","4.63","4.64","4.33","7.64M","-5.40%"
"Jul 16, 2019","4.63","4.76","4.81","4.63","5.97M","-2.53%"
"Jul 15, 2019","4.75","4.87","4.89","4.75","3.07M","-3.26%"
"Jul 12, 2019","4.91","4.86","4.93","4.80","4.39M","1.45%"
"Jul 11, 2019","4.84","4.98","5.01","4.73","16.78M","-6.56%"
"Jul 10, 2019","5.18","5.35","5.37","5.17","10.85M","-2.45%"
"Jul 09, 2019","5.31","5.48","5.55","5.28","11.72M","-2.57%"
"Jul 08, 2019","5.45","5.50","5.53","5.42","6.59M","-1.27%"
"Jul 05, 2019","5.52","5.30","5.64","5.27","12.89M","3.95%"
"Jul 03, 2019","5.31","5.41","5.43","5.27","2.56M","-1.30%"
"Jul 02, 2019","5.38","5.35","5.45","5.32","5.64M","0.37%"
"Jul 01, 2019","5.36","5.53","5.57","5.34","4.33M","-2.01%"
"Jun 28, 2019","5.47","5.53","5.58","5.44","3.90M","-1.26%"
"Jun 27, 2019","5.54","5.46","5.59","5.42","3.76M","1.28%"
"Jun 26, 2019","5.47","5.47","5.52","5.38","3.55M","0.37%"
"Jun 25, 2019","5.45","5.34","5.53","5.32","3.09M","1.49%"
"Jun 24, 2019","5.37","5.41","5.47","5.28","4.82M","-0.92%"
"Jun 21, 2019","5.42","5.52","5.52","5.31","8.95M","-1.99%"
"Jun 20, 2019","5.53","5.66","5.69","5.52","3.93M","-1.78%"
"Jun 19, 2019","5.63","5.75","5.75","5.61","2.97M","-1.75%"
"Jun 18, 2019","5.73","5.71","5.83","5.67","4.07M","0.53%"
"Jun 17, 2019","5.70","5.63","5.81","5.60","3.69M","1.24%"
"Jun 14, 2019","5.63","5.70","5.83","5.61","5.30M","-1.23%"
"Jun 13, 2019","5.70","5.55","5.73","5.49","5.84M","3.64%"
"Jun 12, 2019","5.50","5.68","5.80","5.50","4.91M","-3.85%"
"Jun 11, 2019","5.72","5.53","5.85","5.49","13.42M","5.15%"
"Jun 10, 2019","5.44","5.37","5.55","5.29","18.93M","8.37%"
"Jun 07, 2019","5.02","5.13","5.23","4.99","10.59M","-2.14%"
"Jun 06, 2019","5.13","4.98","5.13","4.84","13.56M","1.79%"
"Jun 05, 2019","5.04","5.49","5.59","4.71","39.35M","-35.55%"
"Jun 04, 2019","7.82","7.58","7.85","7.52","10.43M","4.69%"
"Jun 03, 2019","7.47","7.58","7.65","7.42","5.23M","-1.45%"
"May 31, 2019","7.58","7.47","7.66","7.32","3.98M","-0.26%"
"May 30, 2019","7.60","7.57","7.70","7.53","2.70M","0.40%"
"May 29, 2019","7.57","7.73","7.75","7.39","4.13M","-2.20%"
"May 28, 2019","7.74","7.85","7.99","7.74","2.73M","-1.02%"
"May 24, 2019","7.82","7.71","7.86","7.71","2.54M","1.56%"
"May 23, 2019","7.70","7.84","7.86","7.67","3.92M","-2.53%"
"May 22, 2019","7.90","8.07","8.08","7.76","4.52M","-2.83%"
"May 21, 2019","8.13","8.07","8.14","7.89","5.70M","0.87%"
"May 20, 2019","8.06","8.46","8.52","7.98","5.04M","-6.39%"
"May 17, 2019","8.61","8.54","8.78","8.54","1.97M","-0.69%"
"May 16, 2019","8.67","8.74","8.84","8.64","1.75M","-0.23%"
"May 15, 2019","8.69","8.44","8.71","8.44","2.25M","1.88%"
"May 14, 2019","8.53","8.32","8.55","8.24","2.61M","3.27%"
"May 13, 2019","8.26","8.33","8.37","8.17","3.04M","-2.59%"
"May 10, 2019","8.48","8.52","8.58","8.36","2.30M","-0.47%"
"May 09, 2019","8.52","8.60","8.65","8.48","2.34M","-1.96%"
"May 08, 2019","8.69","8.75","8.85","8.65","2.06M","-0.91%"
"May 07, 2019","8.77","8.77","8.92","8.69","2.59M","-0.90%"
"May 06, 2019","8.85","8.85","8.92","8.66","2.41M","-1.34%"
"May 03, 2019","8.97","8.81","8.99","8.77","2.18M","2.28%"
"May 02, 2019","8.77","8.51","8.83","8.51","3.12M","3.06%"
"May 01, 2019","8.51","8.66","8.79","8.47","3.54M","-1.62%"
"Apr 30, 2019","8.65","8.80","8.85","8.65","3.21M","-1.26%"
"Apr 29, 2019","8.76","8.89","8.90","8.71","2.55M","-1.46%"
"Apr 26, 2019","8.89","8.93","9.03","8.88","2.31M","-0.67%"
"Apr 25, 2019","8.95","8.99","9.00","8.71","2.63M","-0.67%"
"Apr 24, 2019","9.01","8.90","9.06","8.89","4.11M","1.35%"
"Apr 23, 2019","8.89","8.64","8.96","8.64","4.45M","2.77%"
"Apr 22, 2019","8.65","8.75","8.82","8.53","6.28M","-1.37%"
"Apr 18, 2019","8.77","8.86","9.03","8.74","3.81M","-1.90%"
"Apr 17, 2019","8.94","9.11","9.12","8.75","3.92M","-1.54%"
"Apr 16, 2019","9.08","9.00","9.15","8.95","4.72M","1.57%"
"Apr 15, 2019","8.94","9.27","9.35","8.81","5.53M","-4.08%"
"Apr 12, 2019","9.32","9.79","9.83","9.29","4.78M","-4.51%"
"Apr 11, 2019","9.76","9.98","9.98","9.74","2.55M","-2.11%"
"Apr 10, 2019","9.97","9.88","10.01","9.88","2.81M","1.53%"
"Apr 09, 2019","9.82","9.85","10.00","9.81","2.98M","-1.21%"
"Apr 08, 2019","9.94","9.79","10.08","9.73","4.55M","0.81%"
"Apr 05, 2019","9.86","9.96","10.01","9.79","5.74M","-1.69%"
"Apr 04, 2019","10.03","9.74","10.06","9.65","7.92M","4.15%"
"Apr 03, 2019","9.63","8.86","10.03","8.82","26.60M","-4.65%"
"Apr 02, 2019","10.10","10.37","10.41","10.09","8.67M","-2.60%"
"Apr 01, 2019","10.37","10.29","10.42","10.04","4.42M","2.07%"
"Mar 29, 2019","10.16","10.21","10.36","10.15","2.92M","-0.29%"
"Mar 28, 2019","10.19","10.36","10.49","10.07","3.12M","-0.97%"
"Mar 27, 2019","10.29","10.37","10.54","10.25","2.61M","-0.58%"
"Mar 26, 2019","10.35","10.11","10.44","10.09","3.54M","2.07%"
"Mar 25, 2019","10.14","10.46","10.49","10.07","4.49M","-2.97%"
"Mar 22, 2019","10.45","10.65","10.66","10.44","3.29M","-0.95%"
"Mar 21, 2019","10.55","10.47","10.72","10.35","3.21M","0.48%"
"Mar 20, 2019","10.50","10.96","10.96","10.40","4.10M","-4.20%"
"Mar 19, 2019","10.96","11.07","11.24","10.90","3.09M","-0.99%"
"Mar 18, 2019","11.07","11.09","11.17","10.98","2.45M","0.09%"
"Mar 15, 2019","11.06","10.99","11.12","10.90","3.54M","1.00%"
"Mar 14, 2019","10.95","11.31","11.34","10.90","2.84M","-5.44%"
"Mar 13, 2019","11.58","11.54","11.64","11.47","2.19M","0.96%"
"Mar 12, 2019","11.47","11.28","11.55","11.23","2.16M","1.87%"
"Mar 11, 2019","11.26","10.98","11.28","10.89","2.70M","2.64%"
"Mar 08, 2019","10.97","11.07","11.22","10.75","6.17M","-5.35%"
"Mar 07, 2019","11.59","11.56","11.66","11.44","1.81M","0.26%"
"Mar 06, 2019","11.56","11.66","11.87","11.56","3.31M","-0.34%"
"Mar 05, 2019","11.60","12.08","12.10","11.36","5.54M","0.26%"
"Mar 04, 2019","11.57","11.79","11.85","11.47","2.23M","-1.53%"
"Mar 01, 2019","11.75","11.88","12.01","11.75","1.90M","0.43%"
"Feb 28, 2019","11.70","11.69","11.86","11.59","2.82M","0.26%"
"Feb 27, 2019","11.67","11.66","11.93","11.62","3.40M","0.26%"
"Feb 26, 2019","11.64","11.54","11.71","11.50","2.16M","0.78%"
"Feb 25, 2019","11.55","11.38","11.80","11.38","3.59M","1.58%"
"Feb 22, 2019","11.37","11.02","11.38","11.02","3.25M","3.08%"
"Feb 21, 2019","11.03","11.23","11.29","11.01","2.49M","-1.52%"
"Feb 20, 2019","11.20","11.23","11.30","11.15","2.96M","0.00%"
"Feb 19, 2019","11.20","11.46","11.47","11.13","3.31M","-2.01%"
"Feb 15, 2019","11.43","11.33","11.44","11.28","2.21M","0.88%"
"Feb 14, 2019","11.33","11.37","11.42","11.24","2.47M","-1.22%"
"Feb 13, 2019","11.47","11.56","11.74","11.38","2.13M","-0.69%"
"Feb 12, 2019","11.55","11.30","11.59","11.30","2.68M","2.21%"
"Feb 11, 2019","11.30","11.38","11.39","11.16","1.92M","-0.44%"
"Feb 08, 2019","11.35","11.39","11.49","11.31","1.80M","-1.05%"
"Feb 07, 2019","11.47","11.40","11.59","11.22","2.02M","-0.35%"
"Feb 06, 2019","11.51","11.62","11.70","11.40","3.48M","-2.37%"
"Feb 05, 2019","11.79","11.36","11.81","11.35","4.27M","3.69%"
"Feb 04, 2019","11.37","11.24","11.48","11.00","4.27M","1.16%"
"Feb 01, 2019","11.24","11.31","11.43","11.18","3.48M","-0.88%"
"Jan 31, 2019","11.34","11.17","11.53","11.10","6.05M","1.25%"
"Jan 30, 2019","11.20","11.25","11.37","11.11","6.15M","-0.71%"
"Jan 29, 2019","11.28","12.39","12.50","11.11","32.87M","-27.23%"
"Jan 28, 2019","15.50","15.74","15.79","14.99","2.98M","-2.52%"
"Jan 25, 2019","15.90","15.96","16.06","15.73","1.92M","0.63%"
"Jan 24, 2019","15.80","15.48","15.80","15.44","1.28M","2.07%"
"Jan 23, 2019","15.48","15.31","15.57","15.13","1.84M","1.38%"
"Jan 22, 2019","15.27","15.81","15.90","15.16","3.19M","-4.14%"
"Jan 18, 2019","15.93","16.02","16.90","15.88","8.55M","1.01%"
"Jan 17, 2019","15.77","15.49","15.82","15.30","1.74M","0.57%"
"Jan 16, 2019","15.68","15.57","15.89","15.38","1.99M","0.97%"
"Jan 15, 2019","15.53","15.60","15.64","15.19","2.23M","-0.70%"
"Jan 14, 2019","15.64","15.84","16.14","15.57","3.61M","-1.32%"
"Jan 11, 2019","15.85","15.86","16.05","15.77","2.42M","-0.69%"
"Jan 10, 2019","15.96","15.74","16.00","15.52","2.90M","-0.13%"
"Jan 09, 2019","15.98","15.84","16.39","15.72","3.55M","1.08%"
"Jan 08, 2019","15.81","15.50","15.88","15.15","3.44M","2.13%"
"Jan 07, 2019","15.48","15.11","15.81","14.94","4.72M","1.57%"
"Jan 04, 2019","15.24","14.03","15.29","13.70","11.92M","17.50%"
"Jan 03, 2019","12.97","12.98","13.26","12.69","1.75M","-0.77%"
"Jan 02, 2019","13.07","12.45","13.18","12.42","2.12M","3.57%"
"Dec 31, 2018","12.62","12.33","12.67","12.30","2.79M","2.77%"
"Dec 28, 2018","12.28","12.21","12.49","12.01","2.03M","0.82%"
"Dec 27, 2018","12.18","12.24","12.25","11.63","1.83M","-1.77%"
"Dec 26, 2018","12.40","11.72","12.40","11.56","2.40M","6.26%"
"Dec 24, 2018","11.67","11.97","12.02","11.64","1.33M","-2.42%"
"Dec 21, 2018","11.96","12.39","12.68","11.77","4.42M","-3.78%"
"Dec 20, 2018","12.43","12.60","12.94","12.21","2.67M","-1.19%"
"Dec 19, 2018","12.58","12.76","12.97","12.52","2.43M","-1.18%"
"Dec 18, 2018","12.73","12.65","13.03","12.61","2.59M","0.63%"
"Dec 17, 2018","12.65","12.66","13.10","12.55","2.26M","-0.86%"
"Dec 14, 2018","12.76","12.69","13.00","12.69","1.66M","-0.23%"
"Dec 13, 2018","12.79","13.24","13.36","12.67","2.44M","-3.33%"
"Dec 12, 2018","13.23","13.06","13.53","12.98","1.82M","2.16%"
"Dec 11, 2018","12.95","13.35","13.40","12.85","2.34M","-2.12%"
"Dec 10, 2018","13.23","13.38","13.44","12.83","2.79M","-3.29%"
"Dec 07, 2018","13.68","13.55","14.04","13.50","3.40M","0.88%"
"Dec 06, 2018","13.56","13.50","13.77","13.24","3.20M","0.44%"
"Dec 04, 2018","13.50","13.99","14.11","13.44","3.73M","-2.67%"
"Dec 03, 2018","13.87","13.82","13.98","13.53","4.02M","1.54%"
"Nov 30, 2018","13.66","12.99","13.96","12.80","11.91M","-6.63%"
"Nov 29, 2018","14.63","15.05","15.22","14.54","4.21M","-2.53%"
"Nov 28, 2018","15.01","14.72","15.06","14.72","2.64M","1.97%"
"Nov 27, 2018","14.72","14.39","14.97","14.20","4.38M","0.96%"
"Nov 26, 2018","14.58","13.99","14.78","13.99","5.90M","8.00%"
"Nov 23, 2018","13.50","13.70","13.76","13.16","2.69M","-1.53%"
"Nov 21, 2018","13.71","12.47","14.50","12.30","12.48M","11.64%"
"Nov 20, 2018","12.28","12.60","12.90","12.14","6.03M","-5.76%"
"Nov 19, 2018","13.03","12.84","13.16","12.77","3.45M","1.88%"
"Nov 16, 2018","12.79","12.99","12.99","12.45","5.72M","-2.59%"
"Nov 15, 2018","13.13","12.96","13.25","12.77","3.03M","1.31%"
"Nov 14, 2018","12.96","14.09","14.11","12.88","3.44M","-6.63%"
"Nov 13, 2018","13.88","13.90","14.18","13.78","2.31M","0.00%"
"Nov 12, 2018","13.88","14.66","14.78","13.86","2.40M","-5.19%"
"Nov 09, 2018","14.64","14.72","14.80","14.31","1.67M","-1.48%"
"Nov 08, 2018","14.86","14.90","15.02","14.78","2.14M","-0.27%"
"Nov 07, 2018","14.90","15.00","15.05","14.65","2.04M","-0.33%"
"Nov 06, 2018","14.95","14.95","15.05","14.83","1.90M","-0.27%"
"Nov 05, 2018","14.99","15.55","15.56","14.89","1.80M","-3.97%"
"Nov 02, 2018","15.61","15.42","15.76","15.19","1.67M","1.69%"
"Nov 01, 2018","15.35","14.61","15.35","14.60","2.75M","5.14%"
"Oct 31, 2018","14.60","14.81","14.82","14.26","1.74M","-0.48%"
"Oct 30, 2018","14.67","14.57","15.11","14.40","2.09M","0.96%"
"Oct 29, 2018","14.53","13.84","14.96","13.77","3.17M","5.98%"
"Oct 26, 2018","13.71","14.43","14.43","13.64","2.51M","-5.06%"
"Oct 25, 2018","14.44","15.12","15.20","14.28","2.27M","-4.18%"
"Oct 24, 2018","15.07","15.30","15.60","15.07","2.24M","-1.31%"
"Oct 23, 2018","15.27","14.99","15.31","14.79","2.40M","0.99%"
"Oct 22, 2018","15.12","14.82","15.22","14.69","2.31M","2.65%"
"Oct 19, 2018","14.73","14.87","15.00","14.47","3.11M","-2.19%"
"Oct 18, 2018","15.06","15.30","15.42","14.90","1.48M","-1.70%"
"Oct 17, 2018","15.32","15.29","15.48","14.78","2.00M","0.20%"
"Oct 16, 2018","15.29","14.97","15.30","14.78","2.04M","2.76%"
"Oct 15, 2018","14.88","14.81","15.07","14.78","1.50M","0.54%"
"Oct 12, 2018","14.80","14.90","15.15","14.70","1.93M","0.95%"
"Oct 11, 2018","14.66","14.79","15.10","14.65","2.10M","-1.15%"
"Oct 10, 2018","14.83","14.81","15.17","14.81","1.96M","0.47%"
"Oct 09, 2018","14.76","14.93","15.45","14.70","2.41M","-1.47%"
"Oct 08, 2018","14.98","14.71","15.19","14.66","2.26M","2.04%"
"Oct 05, 2018","14.68","14.83","14.93","14.58","2.32M","-0.94%"
"Oct 04, 2018","14.82","14.97","15.12","14.71","1.52M","-0.67%"
"Oct 03, 2018","14.92","15.00","15.17","14.75","2.01M","0.34%"
"Oct 02, 2018","14.87","15.17","15.31","14.84","2.88M","-2.68%"
"Oct 01, 2018","15.28","15.28","15.54","14.98","4.06M","0.07%"
"Sep 28, 2018","15.27","15.54","15.85","15.19","2.53M","-1.80%"
"Sep 27, 2018","15.55","15.68","15.75","15.43","2.02M","-0.26%"
"Sep 26, 2018","15.59","16.14","16.14","15.54","1.90M","-2.68%"
"Sep 25, 2018","16.02","15.64","16.09","15.30","2.06M","3.22%"
"Sep 24, 2018","15.52","16.42","16.42","15.49","3.58M","-6.05%"
"Sep 21, 2018","16.52","16.45","16.75","16.43","3.04M","0.18%"
"Sep 20, 2018","16.49","16.60","16.81","16.45","1.60M","-0.66%"
"Sep 19, 2018","16.60","16.50","16.80","16.45","1.80M","0.61%"
"Sep 18, 2018","16.50","16.42","16.68","16.34","1.79M","-0.66%"
"Sep 17, 2018","16.61","16.71","16.86","16.50","2.23M","-1.07%"
"Sep 14, 2018","16.79","16.97","17.00","16.46","3.01M","-1.47%"
"Sep 13, 2018","17.04","16.71","17.04","16.61","3.69M","2.28%"
"Sep 12, 2018","16.66","16.17","16.76","16.17","3.40M","3.09%"
"Sep 11, 2018","16.16","16.00","16.60","16.00","2.79M","1.00%"
"Sep 10, 2018","16.00","16.16","16.35","15.87","2.73M","-0.81%"
"Sep 07, 2018","16.13","15.25","16.38","14.76","6.80M","-0.06%"
"Sep 06, 2018","16.14","16.15","16.25","15.08","6.78M","-0.74%"
"Sep 05, 2018","16.26","13.97","16.53","13.96","17.47M","15.73%"
"Sep 04, 2018","14.05","13.17","14.10","13.08","5.94M","5.88%"
"Aug 31, 2018","13.27","13.61","13.63","13.18","3.72M","-2.28%"
"Aug 30, 2018","13.58","13.99","13.99","13.52","3.93M","-3.82%"
"Aug 29, 2018","14.12","14.14","14.30","13.75","4.10M","0.64%"
"Aug 28, 2018","14.03","14.71","14.75","14.00","6.82M","-4.62%"
"Aug 27, 2018","14.71","16.47","16.50","14.55","14.69M","-11.12%"
"Aug 24, 2018","16.55","16.76","16.84","16.20","4.53M","-1.25%"
"Aug 23, 2018","16.76","16.98","17.21","16.62","3.58M","-1.30%"
"Aug 22, 2018","16.98","16.54","17.27","16.51","6.61M","2.97%"
"Aug 21, 2018","16.49","16.00","16.57","15.82","5.19M","4.04%"
"Aug 20, 2018","15.85","15.40","15.98","15.35","3.61M","3.39%"
"Aug 17, 2018","15.33","15.17","15.35","14.99","1.63M","0.72%"
"Aug 16, 2018","15.22","15.54","15.56","15.21","1.72M","-1.30%"
"Aug 15, 2018","15.42","15.46","15.49","15.19","2.10M","-0.52%"
"Aug 14, 2018","15.50","15.27","15.57","15.20","1.95M","1.91%"
"Aug 13, 2018","15.21","15.35","15.38","15.11","2.10M","-0.72%"
"Aug 10, 2018","15.32","15.18","15.60","15.10","2.42M","0.72%"
"Aug 09, 2018","15.21","15.25","15.46","14.98","2.34M","-0.26%"
"Aug 08, 2018","15.25","15.12","15.31","15.01","2.18M","0.86%"
"Aug 07, 2018","15.12","14.92","15.21","14.82","1.95M","1.75%"
"Aug 06, 2018","14.86","14.88","14.98","14.74","2.08M","0.07%"
"Aug 03, 2018","14.85","14.69","14.90","14.60","2.56M","1.57%"
"Aug 02, 2018","14.62","14.61","14.78","14.41","2.53M","-0.75%"
"Aug 01, 2018","14.73","14.42","14.88","14.40","2.08M","2.22%"
"Jul 31, 2018","14.41","14.72","14.73","14.41","2.76M","-1.97%"
"Jul 30, 2018","14.70","14.88","14.98","14.59","1.58M","-0.88%"
"Jul 27, 2018","14.83","14.91","14.97","14.55","1.42M","0.14%"
"Jul 26, 2018","14.81","14.51","15.04","14.50","1.69M","2.07%"
"Jul 25, 2018","14.51","14.69","14.70","14.25","3.34M","-1.83%"
"Jul 24, 2018","14.78","14.98","14.98","14.66","1.54M","-0.74%"
"Jul 23, 2018","14.89","15.05","15.09","14.78","1.83M","-1.26%"
"Jul 20, 2018","15.08","14.91","15.21","14.88","2.15M","1.07%"
"Jul 19, 2018","14.92","14.58","15.03","14.50","1.73M","2.33%"
"Jul 18, 2018","14.58","14.60","14.65","14.31","2.05M","0.00%"
"Jul 17, 2018","14.58","15.17","15.42","14.54","3.05M","-4.20%"
"Jul 16, 2018","15.22","15.27","15.38","15.05","1.81M","-0.39%"
"Jul 13, 2018","15.28","14.99","15.46","14.99","2.33M","1.26%"
"Jul 12, 2018","15.09","14.75","15.12","14.74","1.93M","2.65%"
"Jul 11, 2018","14.70","14.77","14.83","14.46","2.29M","-1.08%"
"Jul 10, 2018","14.86","15.53","15.54","14.81","2.92M","-3.94%"
"Jul 09, 2018","15.47","15.57","15.62","15.16","3.92M","2.11%"
"Jul 06, 2018","15.15","14.67","15.23","14.64","4.05M","3.55%"
"Jul 05, 2018","14.63","14.08","14.70","14.04","4.72M","4.13%"
"Jul 03, 2018","14.05","14.17","14.31","14.00","1.29M","-0.78%"
"Jul 02, 2018","14.16","14.59","14.70","14.03","3.72M","-2.81%"
"Jun 29, 2018","14.57","14.99","15.07","14.51","3.40M","-2.08%"
"Jun 28, 2018","14.88","14.59","14.89","14.49","1.91M","1.92%"
"Jun 27, 2018","14.60","15.00","15.17","14.58","2.26M","-2.47%"
"Jun 26, 2018","14.97","15.19","15.20","14.69","2.70M","-0.93%"
"Jun 25, 2018","15.11","15.41","15.72","14.94","2.68M","-2.64%"
"Jun 22, 2018","15.52","15.55","15.69","15.11","11.89M","-0.06%"
"Jun 21, 2018","15.53","15.81","15.98","15.49","3.56M","-1.15%"
"Jun 20, 2018","15.71","15.78","15.81","15.32","5.16M","-0.25%"
"Jun 19, 2018","15.75","15.35","15.76","15.10","10.14M","3.62%"
"Jun 18, 2018","15.20","13.95","15.78","13.37","23.79M","8.88%"
"Jun 15, 2018","13.96","12.76","14.36","12.76","13.14M","8.64%"
"Jun 14, 2018","12.85","13.30","13.32","12.70","7.53M","-3.60%"
"Jun 13, 2018","13.33","13.97","13.97","13.05","8.82M","-5.12%"
"Jun 12, 2018","14.05","14.32","14.37","14.05","3.38M","-1.68%"
"Jun 11, 2018","14.29","14.15","14.33","14.06","4.72M","-1.65%"
"Jun 08, 2018","14.53","14.53","14.62","14.40","5.03M","0.28%"
"Jun 07, 2018","14.49","14.50","14.65","14.37","3.21M","0.49%"
"Jun 06, 2018","14.42","14.68","14.69","14.25","5.15M","-1.23%"
"Jun 05, 2018","14.60","14.24","14.65","14.00","5.70M","2.53%"
"Jun 04, 2018","14.24","13.79","14.25","13.44","7.30M","3.79%"
"Jun 01, 2018","13.72","12.80","13.72","12.79","25.82M","3.94%"
"May 31, 2018","13.20","13.48","13.59","12.97","6.49M","-1.64%"
"May 30, 2018","13.42","13.10","13.60","12.89","4.99M","2.84%"
"May 29, 2018","13.05","12.58","13.11","12.55","4.24M","3.00%"
"May 25, 2018","12.67","12.76","12.80","12.58","2.44M","-0.55%"
"May 24, 2018","12.74","12.58","12.78","12.45","3.08M","0.16%"
"May 23, 2018","12.72","12.54","12.75","12.44","3.16M","0.39%"
"May 22, 2018","12.67","12.78","12.91","12.54","4.54M","-0.86%"
"May 21, 2018","12.78","12.52","12.88","12.49","5.07M","2.57%"
"May 18, 2018","12.46","13.53","13.53","12.26","10.24M","-8.52%"
"May 17, 2018","13.62","13.50","13.77","13.48","2.91M","0.52%"
"May 16, 2018","13.55","13.75","13.88","13.33","6.74M","0.30%"
"May 15, 2018","13.51","13.25","13.61","13.23","3.79M","1.89%"
"May 14, 2018","13.26","12.69","13.48","12.61","5.91M","4.33%"
"May 11, 2018","12.71","12.60","12.84","12.46","5.51M","-2.46%"
"May 10, 2018","13.03","12.96","13.20","12.88","3.12M","0.77%"
"May 09, 2018","12.93","12.82","12.96","12.61","3.75M","1.09%"
"May 08, 2018","12.79","12.84","12.94","12.55","3.84M","-0.78%"
"May 07, 2018","12.89","13.02","13.03","12.78","3.12M","-0.85%"
"May 04, 2018","13.00","12.83","13.08","12.74","4.90M","1.33%"
"May 03, 2018","12.83","13.42","13.49","12.80","5.09M","-4.61%"
"May 02, 2018","13.45","13.86","13.87","13.35","3.18M","-2.89%"
"May 01, 2018","13.85","13.58","13.89","13.47","2.41M","1.47%"
"Apr 30, 2018","13.65","13.97","14.00","13.56","3.15M","-1.52%"
"Apr 27, 2018","13.86","13.68","13.91","13.60","2.50M","1.39%"
"Apr 26, 2018","13.67","13.60","13.88","13.45","3.21M","1.56%"
"Apr 25, 2018","13.46","13.35","13.63","13.29","3.65M","0.37%"
"Apr 24, 2018","13.41","13.29","13.64","13.12","3.61M","1.59%"
"Apr 23, 2018","13.20","12.90","13.35","12.90","3.69M","2.48%"
"Apr 20, 2018","12.88","13.47","13.54","12.81","6.20M","-4.73%"
"Apr 19, 2018","13.52","13.66","13.78","13.45","2.51M","-1.02%"
"Apr 18, 2018","13.66","13.99","14.03","13.60","3.57M","-2.01%"
"Apr 17, 2018","13.94","13.89","14.18","13.84","4.29M","0.94%"
"Apr 16, 2018","13.81","13.73","13.90","13.60","3.23M","1.47%"
"Apr 13, 2018","13.61","13.73","13.94","13.55","3.19M","-0.15%"
"Apr 12, 2018","13.63","13.86","13.87","13.47","3.11M","-1.52%"
"Apr 11, 2018","13.84","13.62","13.98","13.60","4.28M","1.17%"
"Apr 10, 2018","13.68","13.68","13.86","13.51","5.79M","1.48%"
"Apr 09, 2018","13.48","13.51","13.76","13.43","5.70M","0.37%"
"Apr 06, 2018","13.43","13.42","13.66","13.24","4.24M","-0.96%"
"Apr 05, 2018","13.56","13.35","13.63","13.27","5.14M","1.65%"
"Apr 04, 2018","13.34","12.82","13.48","12.71","6.38M","2.54%"
"Apr 03, 2018","13.01","12.64","13.12","12.60","5.75M","1.48%"
"Apr 02, 2018","12.82","12.51","13.28","12.50","11.13M","1.58%"
"Mar 29, 2018","12.62","12.65","13.00","12.20","25.46M","-10.81%"
"Mar 28, 2018","14.15","14.00","14.31","13.81","7.63M","1.95%"
"Mar 27, 2018","13.88","14.07","14.21","13.77","4.48M","-1.14%"
"Mar 26, 2018","14.04","13.70","14.09","13.59","5.02M","4.00%"
"Mar 23, 2018","13.50","13.92","13.94","13.49","3.81M","-2.39%"
"Mar 22, 2018","13.83","13.94","14.09","13.59","4.44M","-1.36%"
"Mar 21, 2018","14.02","14.31","14.45","14.01","4.41M","-3.11%"
"Mar 20, 2018","14.47","14.82","14.95","14.35","4.28M","-2.30%"
"Mar 19, 2018","14.81","15.24","15.41","14.76","3.98M","-3.96%"
"Mar 16, 2018","15.42","15.34","15.66","15.31","5.08M","0.72%"
"Mar 15, 2018","15.31","15.50","15.62","15.26","1.87M","-0.97%"
"Mar 14, 2018","15.46","15.72","15.82","15.43","2.52M","-0.96%"
"Mar 13, 2018","15.61","15.63","16.00","15.58","2.89M","0.39%"
"Mar 12, 2018","15.55","15.85","16.01","15.50","3.88M","-1.89%"
"Mar 09, 2018","15.85","15.69","15.89","15.51","3.97M","1.34%"
"Mar 08, 2018","15.64","15.95","16.05","15.48","2.98M","-1.88%"
"Mar 07, 2018","15.94","15.85","16.17","15.84","2.99M","-0.75%"
"Mar 06, 2018","16.06","16.05","16.17","15.80","2.67M","0.06%"
"Mar 05, 2018","16.05","15.87","16.11","15.68","4.24M","0.75%"
"Mar 02, 2018","15.93","15.56","15.99","15.38","3.55M","-0.25%"
"Mar 01, 2018","15.97","15.79","16.23","15.76","3.13M","1.78%"
"Feb 28, 2018","15.69","15.65","15.95","15.58","4.74M","0.77%"
"Feb 27, 2018","15.57","16.10","16.59","15.57","4.47M","-3.17%"
"Feb 26, 2018","16.08","16.00","16.10","15.84","2.77M","0.69%"
"Feb 23, 2018","15.97","15.79","15.99","15.67","2.58M","2.24%"
"Feb 22, 2018","15.62","15.81","15.93","15.57","2.45M","-0.45%"
"Feb 21, 2018","15.69","15.90","16.21","15.66","3.03M","-1.07%"
"Feb 20, 2018","15.86","16.30","16.32","15.78","2.49M","-3.29%"
"Feb 16, 2018","16.40","16.52","16.97","16.25","2.71M","-0.06%"
"Feb 15, 2018","16.41","16.30","16.50","16.23","2.26M","1.17%"
"Feb 14, 2018","16.22","15.58","16.40","15.53","3.22M","4.11%"
"Feb 13, 2018","15.58","15.76","15.86","15.49","2.46M","-1.39%"
"Feb 12, 2018","15.80","16.29","16.33","15.62","2.43M","-2.29%"
"Feb 09, 2018","16.17","15.98","16.33","15.67","5.64M","2.15%"
"Feb 08, 2018","15.83","16.45","16.55","15.76","4.29M","-3.89%"
"Feb 07, 2018","16.47","16.16","16.67","16.15","4.41M","2.04%"
"Feb 06, 2018","16.14","15.36","16.38","15.10","4.96M","3.13%"
"Feb 05, 2018","15.65","16.14","16.22","15.64","4.13M","-3.57%"
"Feb 02, 2018","16.23","16.56","16.66","16.22","3.25M","-2.58%"
"Feb 01, 2018","16.66","16.70","17.00","16.57","2.94M","-0.89%"
"Jan 31, 2018","16.81","17.14","17.27","16.70","2.75M","-1.52%"
"Jan 30, 2018","17.07","17.08","17.22","16.86","1.89M","-0.47%"
"Jan 29, 2018","17.15","17.05","17.20","16.80","3.15M","0.53%"
"Jan 26, 2018","17.06","16.86","17.09","16.61","3.35M","1.31%"
"Jan 25, 2018","16.84","16.98","17.04","16.61","2.70M","-0.82%"
"Jan 24, 2018","16.98","17.40","17.45","16.73","4.07M","-2.41%"
"Jan 23, 2018","17.40","17.52","17.57","17.17","3.63M","-0.85%"
"Jan 22, 2018","17.55","18.22","18.27","17.47","5.23M","-3.20%"
"Jan 19, 2018","18.13","17.89","18.18","17.75","3.19M","1.51%"
"Jan 18, 2018","17.86","17.47","17.93","17.21","4.27M","2.06%"
"Jan 17, 2018","17.50","17.24","17.71","17.17","4.26M","1.98%"
"Jan 16, 2018","17.16","18.00","18.28","17.04","7.85M","-3.38%"
"Jan 12, 2018","17.76","18.50","18.54","17.63","15.45M","-11.02%"
"Jan 11, 2018","19.96","19.92","20.31","19.77","4.21M","1.42%"
"Jan 10, 2018","19.68","19.39","19.92","19.33","4.01M","0.66%"
"Jan 09, 2018","19.55","19.31","19.75","19.31","3.66M","1.66%"
"Jan 08, 2018","19.23","18.80","19.40","18.80","3.67M","2.94%"
"Jan 05, 2018","18.68","18.38","18.73","18.22","3.02M","1.97%"
"Jan 04, 2018","18.32","18.20","18.38","17.96","2.78M","0.66%"
"Jan 03, 2018","18.20","18.29","18.37","17.92","3.79M","-0.33%"
"Jan 02, 2018","18.26","17.96","18.29","17.78","2.83M","1.73%"